{"cameraMode":{"drawMode":0,"name":"Shaded","section":"Shading Mode"},"sceneLighting":false,"audioPlay":false,"sceneViewState":{"showFog":true,"showMaterialUpdate":false,"showSkybox":false,"showFlares":true,"showImageEffects":true,"showParticleSystems":true},"in2DMode":false,"pivot":{"x":-1.3756282329559327,"y":2.621673583984375,"z":1.828480839729309},"rotation":{"x":0.1022295132279396,"y":0.8946346044540405,"z":-0.3447463810443878,"w":0.26532045006752016},"size":5.166435241699219,"orthographic":false}