{"cameraMode":{"drawMode":0,"name":"Shaded","section":"Shading Mode"},"sceneLighting":true,"audioPlay":false,"sceneViewState":{"showFog":true,"showMaterialUpdate":false,"showSkybox":true,"showFlares":true,"showImageEffects":true,"showParticleSystems":true},"in2DMode":false,"pivot":{"x":4.053844928741455,"y":5.098877906799316,"z":-4.409891128540039},"rotation":{"x":-0.3874063789844513,"y":-0.0022217140067368747,"z":0.0009160229237750173,"w":-0.9219270348548889},"size":28.649723052978517,"orthographic":false}