{"cameraMode":{"drawMode":0,"name":"Shaded","section":"Shading Mode"},"sceneLighting":false,"audioPlay":false,"sceneViewState":{"showFog":true,"showMaterialUpdate":false,"showSkybox":false,"showFlares":true,"showImageEffects":true,"showParticleSystems":true},"in2DMode":false,"pivot":{"x":-2.1859965324401857,"y":0.9060768485069275,"z":0.6739809513092041},"rotation":{"x":-0.3874063789844513,"y":-0.0022217140067368747,"z":0.0009160229237750173,"w":-0.9219270348548889},"size":22.0,"orthographic":false}