{"cameraMode":{"drawMode":0,"name":"Shaded","section":"Shading Mode"},"sceneLighting":true,"audioPlay":false,"sceneViewState":{"showFog":true,"showMaterialUpdate":false,"showSkybox":true,"showFlares":true,"showImageEffects":true,"showParticleSystems":true},"in2DMode":false,"pivot":{"x":-0.07738494873046875,"y":3.081389904022217,"z":0.27962547540664675},"rotation":{"x":-0.27561116218566897,"y":0.13981278240680695,"z":-0.04057003930211067,"w":-0.9502065777778626},"size":20.781095504760743,"orthographic":false}