{"cameraMode":{"drawMode":0,"name":"Shaded","section":"Shading Mode"},"sceneLighting":false,"audioPlay":false,"sceneViewState":{"showFog":true,"showMaterialUpdate":false,"showSkybox":false,"showFlares":true,"showImageEffects":true,"showParticleSystems":true},"in2DMode":false,"pivot":{"x":0.0,"y":3.009389877319336,"z":0.5694199800491333},"rotation":{"x":0.1022295132279396,"y":0.8946346044540405,"z":-0.3447463810443878,"w":0.26532045006752016},"size":20.844175338745118,"orthographic":false}